id,name,state
0,Burl Leasor,Nevada
1,Shad Posusta,Oklahoma
2,Gertie Heier,Wyoming
3,Dorothea Bethoney,Nevada
4,Elba Rulison,Indiana
5,Evelyn Offner,Nebraska
6,Donna Malpass,Idaho
7,Rueben Quito,New Jersey
8,Earleen Crissman,Illinois
9,Delicia Halaby,Oklahoma
10,Kathrine Marsette,Minnesota
11,Concha Claud,Louisiana
12,Madelyn Wynter,Idaho
13,Sona Kobryn,Mississippi
14,Bernice Crowford,Ohio
15,Casey Lassen,Missouri
16,Shanice Varnadore,Indiana
17,David Hawn,New Mexico
18,Aaron Hoppins,Illinois
19,Celeste Safron,New York
20,Jeraldine Defiore,Ohio
21,Ellyn Swinton,Colorado
22,Johnnie Haygood,Indiana
23,Alexis Babers,Virginia
24,Raven Turcios,Iowa
25,Buena Compau,Iowa
26,Brett Bonesteel,Pennsylvania
27,Shanon Deley,New Hampshire
28,Juan Overbay,Arkansas
29,Arlena Tewmey,Wyoming
30,Georgianne Fritcher,Nebraska
31,Lorna Balder,Illinois
32,Remona Sharick,Vermont
33,Britteny Eagleston,Massachusetts
34,Cassidy Sellek,Louisiana
35,Carolee Labrecque,Arizona
36,Lavonne Whiten,Arizona
37,Mark Santorella,New Mexico
38,Delaine Fielding,Kansas
39,Leann Palys,Maryland
40,Adrien Vanderkaaden,New York
41,Tonette Morad,Michigan
42,Rosalinda Schacher,Georgia
43,Dewayne Schiefelbein,Connecticut
44,Brittanie Raeder,Oregon
45,Masako Homa,North Dakota
46,Cheryle Gonzalez,New Hampshire
47,Christia Glidden,New Jersey
48,Frederica Leski,Massachusetts
49,Guadalupe Valerie,Kansas
50,Myrtle Wardhaugh,Washington
51,Richie Jillson,Virginia
52,Tandra Dutka,Michigan
53,Kaycee Sanjuan,Rhode Island
54,Anjanette Fusner,Tennessee
55,Alfred Cahue,Alabama
56,Millard Fogleman,Missouri
57,Lorinda Nickelson,Connecticut
58,Carolina Alcina,Nevada
59,Delilah Benthall,Oregon
60,Tonisha Wardinsky,Pennsylvania
61,Ozie Gravell,Delaware
62,Irene Umbel,Florida
63,Mickey Briddell,Pennsylvania
64,Zelma Claburn,Maine
65,Karine Levangie,Idaho
66,January Fleischer,Nebraska
67,Kirsten Karney,Indiana
68,Iva Hennessey,Connecticut
69,Evon Santoro,Maine
70,Tula Luzi,Maryland
71,Estela Gruse,Washington
72,Fiona Posadas,Massachusetts
73,Vanessa Rummer,Wyoming
74,Lindsay Gathright,Vermont
75,Eveline Goodwater,South Carolina
76,Venita Moncrief,Maryland
77,Melvina Brazler,Iowa
78,Raymundo Cauazos,Colorado
79,Lorrine Natera,Idaho
80,Mario Hamamoto,Wyoming
81,Rashad Pano,Maine
82,Malcolm Donkle,Idaho
83,Deon Bedeau,Alaska
84,Earlean Schoemer,New Hampshire
85,Luciano Lanzillotti,Oregon
86,Jamey Cremonese,Minnesota
87,Lauretta Thrush,Kentucky
88,Lise Lester,Missouri
89,Martina Sherles,Missouri
90,Elizabeth Rasmus,Arizona
91,Boyd Mcmenamy,Alabama
92,Charlott Yonge,Mississippi
93,Wynell Devit,New Mexico
94,Carisa Femmer,Hawaii
95,Alena Billett,New York
96,Zenobia Abrom,Georgia
97,Ricardo Grimshaw,Maine
98,Tana Matsuno,Nebraska
99,Anastasia Frankum,South Dakota
100,Guillermina Gazdecki,Nebraska
101,Wai Scruggs,Delaware
102,Joannie Bossick,New Jersey
103,Sena Tumminello,Illinois
104,Gussie Nunziato,Georgia
105,Mamie Morsbach,Hawaii
106,Arlinda Hust,Connecticut
107,Mariko Olton,Minnesota
108,Claud Karpen,Maryland
109,Jeremy Vanier,California
110,Allyn Halton,South Dakota
111,Spring Rodeiguez,New Hampshire
112,Phillip Rossignol,Ohio
113,Else Dyer,Missouri
114,Shasta Ollis,Washington
115,Nadine Armato,Ohio
116,Lucrecia Doering,Minnesota
117,Brant Pruss,Oklahoma
118,Pinkie Hannes,South Dakota
119,Ena Bohnert,Indiana
120,Keren Vier,Missouri
121,Micheline Nwabeke,New York
122,Terrance Shane,North Carolina
123,Marybelle Awbrey,California
124,Ouida Schuemann,Mississippi
125,Jewel Busuttil,Colorado
126,Travis Gromer,New Jersey
127,Giuseppe Branon,Colorado
128,Katelin Guanio,California
129,Hui Pavan,California
130,Bernice Haslip,Vermont
131,Boris Nimura,Connecticut
132,Ines Aspinwall,Texas
133,Librada Legath,South Carolina
134,Jordon Roane,Florida
135,Livia Noud,Florida
136,Lavern Singerman,Arkansas
137,Lillian Pohl,Wisconsin
138,Jimmie Marreel,Louisiana
139,Gene Steffes,New Jersey
140,Monet Calandra,Rhode Island
141,Serena Camba,South Dakota
142,Margorie Dralle,Indiana
143,Zenaida Klickman,Texas
144,Armanda Seuell,Arizona
145,Werner Sellberg,Rhode Island
146,Elvina Disanto,Oregon
147,Luigi Cyree,Michigan
148,Flavia Schleppenbach,New Hampshire
149,Antonina Aloy,Wisconsin
150,Diedre Mcclelland,Vermont
151,Lashay Schreur,Utah
152,Marcy Votolato,New Hampshire
153,Janey Klamn,New York
154,Sidney Altom,Georgia
155,Nannette Runyons,Ohio
156,Devona Kolts,Kansas
157,Shannon Brouse,New Jersey
158,Noelia Schieber,Oklahoma
159,Merle Brindley,Oklahoma
160,Rena Lantis,Rhode Island
161,Elissa Densieski,South Carolina
162,Janette Ocejo,Texas
163,Joe Boitnott,Vermont
164,Dionna Hudnell,North Carolina
165,Dortha Mutherspaw,Maryland
166,Aubrey Helbing,Idaho
167,Desirae Talman,Louisiana
168,Mao Bilbo,New York
169,Laquanda Lofgreen,Montana
170,Joi Rapley,Nevada
171,Troy Ivey,Nebraska
172,Broderick Calcaterra,Iowa
173,Lyn Gluszek,Florida
174,Eleanor Laurenza,Alabama
175,Jude Kennelley,Vermont
176,Alfreda Misura,New Hampshire
177,Gustavo Skene,South Dakota
178,Brande Peredo,Alaska
179,Nadia Desha,Utah
180,Dedra Sicurella,Illinois
181,Anita Phorng,Colorado
182,Lesha Nagai,Illinois
183,Natividad Deck,Maryland
184,Tamekia Taubman,Colorado
185,Cathrine Peelman,North Dakota
186,Charleen Monroe,Rhode Island
187,Christel Choma,Ohio
188,Ciara Seanez,Connecticut
189,Andre Dehghani,Pennsylvania
190,Jettie Strowd,Louisiana
191,Alice Farbman,North Dakota
192,Genoveva Odiase,Mississippi
193,Scott Torner,North Dakota
194,Tracy Strecker,Delaware
195,Cyndy Sixt,New Jersey
196,Son Scoles,Maine
197,Stephany Scheerer,Rhode Island
198,Philomena Vandyck,Delaware
199,Wayne Paker,Florida
200,Gregg Schreur,Louisiana
201,Hilma Orji,Indiana
202,Wes Phinazee,Mississippi
203,Lauri Antunes,Illinois
204,Nanci Doncaster,Texas
205,Son Soppeland,Kansas
206,Kiyoko Fisher,Missouri
207,Verlie Kappel,Alaska
208,Leeanne Ledingham,Pennsylvania
209,Lesley Itkin,New Mexico
210,Mitchell Sboro,New York
211,Ester File,Arizona
212,Lorri Hartory,Washington
213,Willene Manhart,New Mexico
214,Juan Schimmel,Massachusetts
215,Vernon Mckeown,New Jersey
216,Lorilee Dwaileebe,Oregon
217,Mayra Sammer,North Dakota
218,Gene Mayone,Delaware
219,Roderick Shivy,Idaho
220,Dante Windover,Oregon
221,Alonso Farrand,Colorado
222,Eliseo Alberthal,Vermont
223,Lucas Biddie,Ohio
224,Melody Hartzog,Colorado
225,Norah Hollway,Maine
226,Vincent Zarzycki,Colorado
227,Issac Versace,North Carolina
228,Tomika Fearing,Utah
229,Emmaline Mayer,Utah
230,Maida Stoppenbach,Utah
231,Jaimee Cyree,Indiana
232,Arlyne Doerrer,Illinois
233,Mimi Foradori,Maryland
234,Selene Aseltine,Vermont
235,Glady Barnwell,Oklahoma
236,Willia Kalil,Arkansas
237,Hang Swartzendrube,New Hampshire
238,Kandice Hymon,Hawaii
239,Ciera Delaurentis,Oregon
240,Abbie Bassani,South Dakota
241,Melida Ralko,California
242,Mallory Sain,North Dakota
243,Lucio Maschino,Mississippi
244,Londa Owston,Colorado
245,Gayle Storjohann,Arkansas
246,Sammy Halt,Virginia
247,Rea Jankauskas,Massachusetts
248,Adan Kem,Indiana
249,Sheldon Alexnder,New York
250,Edythe Utzinger,Oregon
251,Cherelle Houtz,Maine
252,Sharon Laschinger,North Carolina
253,Madison Boarts,Michigan
254,Tennie Woolever,Minnesota
255,Morgan Shatley,South Dakota
256,Natalia Moores,Wisconsin
257,Taren Rosenhagen,West Virginia
258,Mila Constante,Mississippi
259,Carmel Apel,Minnesota
260,Michel Durant,North Carolina
261,Vania Gosden,California
262,Gloria Sutt,Wisconsin
263,Drucilla Giggie,New Hampshire
264,Karon Musel,Illinois
265,Stacie Seib,Wisconsin
266,Maria Torress,Minnesota
267,Anabel Zitzmann,Oklahoma
268,Joaquin Mcgrone,Kansas
269,Glennis Kilby,Nebraska
270,Autumn Bobrow,Alaska
271,Paulette Lenig,North Dakota
272,Antonetta Brandstrom,New Hampshire
273,Peggie Moreton,Massachusetts
274,Jina Eifler,Ohio
275,Stacee Bein,Nebraska
276,Hector Testerman,Arizona
277,Rachele Halperin,Georgia
278,Wan Flippo,Kentucky
279,Cecil Hargens,South Carolina
280,Cary Halman,Georgia
281,Hae Kavadias,Iowa
282,Yuko Askey,Nebraska
283,Sherril Studnicki,Mississippi
284,Ok Schoonover,North Carolina
285,Mee Ozawa,Montana
286,Kendall Panzarino,South Dakota
287,Vernie Baysmore,New York
288,Renae Mcaleer,Vermont
289,Valorie Atengco,Arkansas
290,Jimmie Bills,North Carolina
291,Doreen Girardot,Kansas
292,Albertha Ruggs,California
293,Hyman Ebach,Alaska
294,Ricarda Harrald,Ohio
295,Minnie Ronero,Kansas
296,Wes Smeenk,Virginia
297,Javier Laxen,West Virginia
298,Denise Hogle,California
299,Misti Groebner,Pennsylvania
300,Joline Crupper,Michigan
301,Jonathon Muzyka,Hawaii
302,Jesusa Jordt,Oklahoma
303,Josh Profancik,New Mexico
304,Levi Blew,Iowa
305,Danna Bartlome,Massachusetts
306,Breann Bateson,New Hampshire
307,Tory Wrighton,South Dakota
308,Evalyn Birmingham,Maine
309,Gerry Helper,New Hampshire
310,Dagny Cheetham,Hawaii
311,Yun Lantagne,Montana
312,Blossom Lammy,Pennsylvania
313,Maryetta Sealy,Minnesota
314,Hector Fenton,Delaware
315,Elva Reichelderfer,Nebraska
316,Daniel Kertesz,Alaska
317,Margot Kulas,New Hampshire
318,Hilde Carfagno,Rhode Island
319,Merri Yerty,Nevada
320,Fairy Beierle,Wyoming
321,Talia Benedek,Pennsylvania
322,Melissa Weckwerth,Delaware
323,Valene Swarat,Louisiana
324,Candice Pleitez,Maine
325,Whitney Beiler,Virginia
326,Mark Potestio,Kentucky
327,Rosann Stenslien,New Hampshire
328,Francene Alm,New Hampshire
329,Chandra Ketzler,Minnesota
330,Dot Finkley,Alabama
331,Drew Gettings,North Dakota
332,Felicidad Simeon,North Carolina
333,Clementine Mergen,Ohio
334,Estella Yake,Michigan
335,Lelia Pettit,Delaware
336,Sherley Saeger,Illinois
337,Paz Tortelli,Kentucky
338,Christin Bertoni,Illinois
339,Leonard Wingrove,Louisiana
340,Cathie Harmann,Kansas
341,Laurena Frisinger,Iowa
342,Julian Heredia,Tennessee
343,Christian Adolphus,Pennsylvania
344,Jeane Gerding,Michigan
345,Kasha Naman,Connecticut
346,Ayesha Ouk,Massachusetts
347,Blanch Caldarone,Idaho
348,Gabriela Testolin,Idaho
349,Joya Wernimont,Illinois
350,Solange Keigley,Rhode Island
351,Eusebia Valliere,South Carolina
352,Harley Cutliff,California
353,Alleen Knetsch,Tennessee
354,Austin Zirin,Maryland
355,Reuben Rautio,Connecticut
356,Carmel Rebera,Wyoming
357,Philomena Goldklang,Iowa
358,Magda Sandford,North Dakota
359,Colene Pettibone,Oklahoma
360,Lulu Chrisley,Utah
361,Eloy Kolstad,Georgia
362,Margert Deighan,Iowa
363,Rubie Masullo,Virginia
364,Charline Hladik,North Dakota
365,Dorian Behne,Colorado
366,Hazel Strode,Maine
367,Sal Dentler,North Dakota
368,Craig Rummage,Michigan
369,Rosia Kime,South Dakota
370,Deloise Noiseux,Idaho
371,Pablo Gennaria,Alabama
372,Tamatha Schuchart,Montana
373,Cheryle Popovic,Missouri
374,Zofia Setton,South Carolina
375,Shane Frittz,Rhode Island
376,Fernande Maytorena,North Dakota
377,Halley Trest,Utah
378,Henry Beresik,New York
379,Mignon Crosno,Idaho
380,Tammie Yoshizumi,Texas
381,Pearle Cioffi,Maine
382,Shantay Nickleson,Missouri
383,Latoyia Dubson,Kentucky
384,Allison Shellgren,Pennsylvania
385,Hana Dietert,Delaware
386,Kayla Mclemore,North Dakota
387,Launa Szocki,Maine
388,Buddy Kaltenhauser,Nebraska
389,Eldon Be,Utah
390,Annamarie Hornick,Colorado
391,Georgene Finister,Georgia
392,Jewell Lunger,Illinois
393,Ellis Nahhas,New Mexico
394,Hal Lantrip,Hawaii
395,Eryn Scrobola,North Dakota
396,Coralee Median,Florida
397,Irena Rennix,Delaware
398,Dalila Bollens,Hawaii
399,Kate Horgan,South Dakota
400,Debra Sarensen,Rhode Island
401,Rashida Krabill,Louisiana
402,Olen Ken,New Mexico
403,Chantelle Landmark,Wyoming
404,Amelia Waldhoff,California
405,Scot Monarez,North Carolina
406,Barbie Bartleson,Mississippi
407,Inez Wead,Indiana
408,Charissa Renaud,Vermont
409,Aleisha Derider,Alaska
410,Kyoko Sniezek,Texas
411,Sparkle Mcclatchey,Kansas
412,Russell Wrench,Oregon
413,Gale Marshburn,Ohio
414,Willy Georgiades,Minnesota
415,Reena Pinelo,Utah
416,Houston Tschache,California
417,Jolynn Seubert,South Carolina
418,Lasandra Newell,Maine
419,Lorelei Sprinzl,Maryland
420,Cleveland Bruffee,North Dakota
421,Golden Dewindt,Maryland
422,Florida Prybylski,Pennsylvania
423,Sadie Camel,Alabama
424,Wilburn Kremen,Pennsylvania
425,Jona Tellinghuisen,Hawaii
426,Janis Hollinghead,California
427,Gerald Mowat,New Jersey
428,Marget Fernandes,Texas
429,Frankie Branck,Colorado
430,Helena Kuning,Idaho
431,Shanon Dettling,West Virginia
432,Marni Aylor,North Carolina
433,Kyla Rondell,Alaska
434,Audrea Lecomte,Arkansas
435,Alexis Sugalski,Vermont
436,Gisele Birak,Delaware
437,Jillian Manchini,Iowa
438,Ira Leiber,New Mexico
439,Rosamond Pesnell,California
440,Lajuana Fregia,North Dakota
441,Dorethea Kacynski,Illinois
442,Zack Jaquish,Georgia
443,Nikole Lasher,Florida
444,Randee Dienes,Virginia
445,Von Uyeno,Virginia
446,Latarsha Turick,Alaska
447,Noelle Buhman,Michigan
448,Carly Wilken,Utah
449,Jennine Kranzler,South Carolina
450,Dina Robertson,New Hampshire
451,Albertina Nop,Washington
452,Ryan Erpenbach,Indiana
453,Letisha Podwoski,Massachusetts
454,Marisol Provent,Kansas
455,Evette Scaia,South Carolina
456,Sueann Itzkowitz,Wisconsin
457,Bennett Husanini,Arizona
458,Drema Naylor,New Hampshire
459,Summer Rehmert,Michigan
460,Luana Bierly,Rhode Island
461,Ramiro Leisner,South Dakota
462,Devin Tontarski,Nebraska
463,Maryanne Fargnoli,Montana
464,Shandi Hevner,Virginia
465,Leonora Amarian,South Carolina
466,Chantel Ruck,Arkansas
467,Blaine Meggs,Texas
468,Shawnna Jaworski,Missouri
469,Meaghan Idleburg,New Mexico
470,Reynalda Lantgen,Indiana
471,Lorita Greaser,Hawaii
472,Karol Oeder,North Carolina
473,Josef Devins,South Dakota
474,Ilona Marchel,Virginia
475,Tami Thibeault,Tennessee
476,Dewayne Heximer,Nebraska
477,Vernell Woolever,Alaska
478,Renae Rysz,Texas
479,Carmella Guzik,South Dakota
480,Ermelinda Doelger,Oklahoma
481,Sana Herforth,Connecticut
482,Lezlie Starck,Alaska
483,Maryjane Cardenos,New Mexico
484,Georgiana Giancarlo,Kansas
485,Olinda Rosica,Montana
486,Williemae Kohrman,West Virginia
487,Caleb Erikson,New York
488,Denita Manzanarez,New York
489,Lisette Youla,Nevada
490,Cuc Loyer,Utah
491,Santina Orejuela,Maine
492,Berry Bur,Utah
493,Kizzy Daignault,Vermont
494,Thalia Schlegel,Wisconsin
495,Sam Upright,Arizona
496,Donald Wongus,Virginia
497,Cristen Wood,New Jersey
498,Ted Lein,Wisconsin
499,Hilton Niedecken,New Hampshire
500,Catalina Cholewinski,West Virginia
501,Izetta Shifferd,Minnesota
502,Maragaret Mcnolty,Illinois
503,Jeanette Cabral,Alabama
504,Elvera Ormiston,North Carolina
505,Olympia Harrel,Alaska
506,Merilyn Chisam,Wyoming
507,Karon Oquendo,Connecticut
508,Yadira Minshew,Montana
509,Ilse Anttila,West Virginia
510,Mohammad Erbe,Kansas
511,Fredericka Matusiak,Iowa
512,Jeanelle Weckhorst,Alabama
513,Duncan Liebler,New Jersey
514,Ray Sayne,New Jersey
515,Jonnie Bessellieu,Iowa
516,Theda Amolsch,Kansas
517,Jaclyn Koerner,Nebraska
518,Terisa Gewant,New Jersey
519,Velda Carolus,Georgia
520,Rusty Faul,Virginia
521,Cecelia Lipskar,Nebraska
522,Jordon Magan,Nebraska
523,Ching Bookard,Oregon
524,Pierre Guaman,Alabama
525,Fannie Byous,Kentucky
526,Roni Gjeltema,Vermont
527,Ezequiel Damelio,Nebraska
528,Georgeann Bladen,Vermont
529,Maryanne Brustkern,Washington
530,Malissa Mcaferty,Illinois
531,Mika Monreal,Texas
532,Dolores Pechacek,Delaware
533,Tony Yockers,Maryland
534,Claribel Ficorilli,Ohio
535,Isreal Montan,North Carolina
536,Kermit Dikeman,Kentucky
537,Eura Offutt,Pennsylvania
538,Cassy Mandler,Arizona
539,Elton Coatney,Rhode Island
540,Emilia Capozzoli,Tennessee
541,Muoi Brazan,New Hampshire
542,Yuk Lettsome,Illinois
543,Patrica Godbout,Washington
544,Harriette Kempson,Idaho
545,Rhonda Trail,Pennsylvania
546,Etha Runswick,South Dakota
547,Shaneka Baston,North Dakota
548,Bonnie Stockert,Vermont
549,Zenia Saa,California
550,Karey Urbani,Montana
551,Kristie Wieman,Alaska
552,Dorthea Beliard,Idaho
553,Eric Addleman,New York
554,Mathew Teller,Wyoming
555,Dolores Picolet,Iowa
556,Hassie Vanderwege,Washington
557,Elsa Coenen,Tennessee
558,Zoila Ziegenbein,Mississippi
559,Charline Reifer,Oregon
560,Dorris Eldredge,New York
561,Augusta Henkin,Michigan
562,Elroy Bruington,Washington
563,Lore Bula,Iowa
564,Pinkie Amel,Alabama
565,Wei Bomba,Oklahoma
566,Tommye Mcguyer,Delaware
567,Caryl Griess,New Jersey
568,Tanisha Schnitker,Texas
569,Kevin Grasha,Wyoming
570,Irina Vandresar,South Dakota
571,Sherika Francoeur,Colorado
572,Lore Cumins,Montana
573,Norberto Rockenbaugh,Hawaii
574,Clarence Pete,Delaware
575,Jerrold Blassingame,North Dakota
576,Claudia Kirkpatric,Nebraska
577,Walter Dibari,Nevada
578,Rueben Cohron,Maryland
579,Maurine Aybar,Wisconsin
580,Maryalice Wies,Michigan
581,Jannet Caraker,Kentucky
582,Marisela Endres,North Carolina
583,Leonia Fenelon,Oklahoma
584,Margorie Mayorca,Florida
585,Kent Faries,Virginia
586,Jazmin Bockoven,Maine
587,Thu Vanpelt,Mississippi
588,Eddie Women,California
589,Mackenzie Staniec,New York
590,Dylan Tryon,Washington
591,Claire Imoto,New Mexico
592,Sherita Rusinski,Colorado
593,Jona Gardino,Kentucky
594,Neda Crazier,New York
595,Hannah Antigua,Alaska
596,Jackeline Tsui,Indiana
597,Antoine General,Minnesota
598,Emeline Wishum,Idaho
599,Cinda Filyaw,Michigan
600,Damian Mittman,Alabama
601,Rhonda Laine,Texas
602,Ayako Drozda,California
603,Keshia Pante,Florida
604,Brittney Louria,Louisiana
605,Antonette Lindert,South Dakota
606,Marcelo Grabler,Iowa
607,Eun Blumstein,Kansas
608,Daphne Grabhorn,Massachusetts
609,Zulma Coller,Alabama
610,Marianne Grigoreas,California
611,Julio Brain,Connecticut
612,Hilary Verrecchia,Maine
613,Shawnna Hanz,New Hampshire
614,Pasquale Perna,Missouri
615,Lavern Killebrew,Hawaii
616,Darline Mcright,South Carolina
617,Christian Hugueley,Nebraska
618,France Drapeau,Wyoming
619,Drew Forschner,Illinois
620,Lewis Jimmison,Wisconsin
621,Hellen Cuppett,Delaware
622,Jerrell Zinda,Maryland
623,Cleta Yeend,South Carolina
624,Genoveva Rancifer,Oklahoma
625,Keisha Hoth,Texas
626,Christene Baylon,Delaware
627,Parker Mccarl,Alabama
628,Lorie Maddaleno,Rhode Island
629,Shanice Gaultney,South Dakota
630,Victor Seibert,Montana
631,Sheron Moldrem,Vermont
632,Rachell Drakos,Tennessee
633,Pei Mangino,Massachusetts
634,Freddie Misra,Texas
635,Priscilla Manzone,Minnesota
636,Billie Mantini,Florida
637,Brianne Mccomb,Florida
638,Brenna Billiar,Virginia
639,Jewell Appolonia,Pennsylvania
640,Carmon Dentel,Oklahoma
641,Bettyann Alcine,Wisconsin
642,Marylouise Laprairie,New Mexico
643,Keely Nachor,Alaska
644,Florine Andrle,South Carolina
645,Stanton Brassell,Minnesota
646,Adelle Wilding,Delaware
647,Ashley Skillom,Pennsylvania
648,Tonya Branum,South Carolina
649,Kourtney Ohanian,Iowa
650,Rita Hor,Mississippi
651,Jonnie Inkavesvanitc,Kansas
652,Terry Threet,Arkansas
653,Stephane Shofestall,California
654,Dominick Seminole,Hawaii
655,Marth Delce,Florida
656,Jerrold Karlin,Tennessee
657,Risa Marolf,Maryland
658,Olene Ruter,South Dakota
659,Nereida Minister,West Virginia
660,Lien Obenchain,New York
661,Janella Blackwelder,Louisiana
662,Earnest Callison,Alaska
663,Alda Frankina,New Hampshire
664,Ellamae Carpinello,Kentucky
665,Lashawnda Newfield,Idaho
666,Lawanda Wylam,Oregon
667,Lenny Grodin,Wyoming
668,Kyung Poeschel,Hawaii
669,Myrna Haghighi,Louisiana
670,Hollis Brendeland,Florida
671,Adan Ardolino,Kentucky
672,Ronna Calabria,Utah
673,Eliz Vallejos,Maryland
674,Hsiu Osterdyk,Washington
675,Charita Zermeno,Louisiana
676,Particia Rutigliano,Alabama
677,Florinda Dechert,Florida
678,Vennie Ruka,Montana
679,Nichelle Valenti,West Virginia
680,Carlyn Westover,Ohio
681,Williemae Lueckenotte,Indiana
682,Olene Keto,Alaska
683,Lu Dirusso,West Virginia
684,Chelsey Pelcher,Idaho
685,Roselia Suite,Alaska
686,Geneva Heather,New Hampshire
687,Danny Loughery,North Carolina
688,Courtney Fancher,North Dakota
689,Clemencia Dubbert,Mississippi
690,Song Barresi,Alaska
691,Adina Pullen,Washington
692,Yuette Mcelwaine,New Jersey
693,Lasonya Sagucio,Wyoming
694,Deb Denning,South Carolina
695,Phillis Pekara,Indiana
696,Lashunda Cowling,Ohio
697,Cara Mcdaris,Oregon
698,Darryl Wingate,Michigan
699,Gaynell Virgie,Alabama
700,Gidget Diem,South Dakota
701,Karen Velazquez,Alabama
702,Sumiko Goonez,Alabama
703,Matilde Mccorvey,New Hampshire
704,Tommie Dahms,Florida
705,Benito Kulwicki,Ohio
706,Lilliana Shockency,Nevada
707,Celeste Dehner,Oregon
708,Walter Drumheller,Minnesota
709,Joane Vernia,Hawaii
710,Charlie Delpino,Wyoming
711,Kenna Hoysradt,Nebraska
712,Cornelia Geraghty,Arizona
713,Lanelle Hollingshead,North Carolina
714,Minda Ledon,Iowa
715,Breana Warrick,Florida
716,Lorine Meuler,Maryland
717,Maricela Snethen,Nevada
718,Lucio Cyler,Indiana
719,Krystle Slavin,Hawaii
720,Steffanie Hagen,Texas
721,Latoya Soos,Illinois
722,Kizzie Millberg,Indiana
723,Beverlee Dovenmuehler,New Hampshire
724,Roxann Lepere,Connecticut
725,Susan Trader,Tennessee
726,Delsie Klaass,Virginia
727,Kurt Hastedt,California
728,Tamara Bozinovich,Florida
729,Leena Guglielmi,Nebraska
730,Eneida Gollman,Iowa
731,Chieko Fairly,Delaware
732,Bernice Quinoes,Hawaii
733,Max Aquil,Mississippi
734,Seymour Rosenau,Nebraska
735,Lashawnda Robella,Montana
736,Adena Brucculeri,Connecticut
737,Max Baker,West Virginia
738,Vada Hamalainen,Ohio
739,Milan Westhouse,South Dakota
740,Malisa Rowles,Mississippi
741,Ardelia Mischnick,South Dakota
742,Dale Tschida,Kentucky
743,Minta Mundinger,California
744,Phoebe Chantler,South Dakota
745,Larita Muzio,Oklahoma
746,Shakia Aleman,Alaska
747,Missy Thurstonson,Hawaii
748,Osvaldo Hardsock,Rhode Island
749,Jed Alicia,Wisconsin
750,Lorretta Evanson,Connecticut
751,Blake Lekan,Alaska
752,Katelyn Mcgrail,Wyoming
753,Jennifer Portaro,Iowa
754,Suanne Cabaniss,Minnesota
755,Treva Hacker,North Dakota
756,Karina Virzi,South Dakota
757,Penni Giorgi,Oregon
758,Jan Trent,New Hampshire
759,Delaine Hitzler,Montana
760,Stanton Chulla,Connecticut
761,Samella Lominack,Oklahoma
762,Gwendolyn Ottrix,Michigan
763,Lu Okamura,Missouri
764,Clemente Charter,Louisiana
765,Detra Uchytil,New Mexico
766,Fay Pleshe,Oregon
767,Janelle Stumpf,Virginia
768,Kenneth Sneller,Florida
769,Deidra Mena,Colorado
770,Myrtie Regalado,New Mexico
771,Leona Andrian,Delaware
772,Sherrill Beadnell,New Hampshire
773,Rolande Nee,Florida
774,Danilo Rotan,Delaware
775,Zane Degenhart,Hawaii
776,Le Yearick,Florida
777,Aide Grine,Arizona
778,Teresia Daunt,Connecticut
779,Jenniffer Luck,California
780,Nova Riecke,Alaska
781,Sadie Graap,Wisconsin
782,Roseline Messler,Alabama
783,Clora Granato,Florida
784,Kyra Flennoy,Pennsylvania
785,Oda Marucci,Illinois
786,Allie Saurez,Maine
787,Paulina Elberson,Virginia
788,Van Walz,North Carolina
789,Angla Rusin,Delaware
790,Brigette Reeh,Vermont
791,Chung Hennig,Delaware
792,Cristy Legette,Nebraska
793,Nada Hinley,New Hampshire
794,Emelda Bigney,Ohio
795,Jason Wanda,Kansas
796,Gidget Garvis,Wisconsin
797,Hiedi Cabarcas,Mississippi
798,Delta Ebener,Oklahoma
799,Ivonne Lissard,Vermont
800,Carmelia Comly,Colorado
801,Dorris Vanbuskirk,Alabama
802,Genevie Sekula,South Carolina
803,Isela Budrovich,Wyoming
804,Demarcus Dylla,Texas
805,Codi Sorsby,Missouri
806,Lavada Spingola,Georgia
807,Olympia Larkey,California
808,Penni Lovec,Kentucky
809,Roslyn Artz,Wyoming
810,Cory Esquea,Indiana
811,Reita Eagy,Colorado
812,Larraine Waldren,Nevada
813,Eldridge Glicken,New Hampshire
814,Christen Hazim,Louisiana
815,Ossie Adell,North Dakota
816,Soraya Hinzmann,Pennsylvania
817,Paul Quertermous,Arkansas
818,Drew Krings,Missouri
819,Gil Alapai,Ohio
820,Awilda Gatesman,Utah
821,Selina Lidie,Texas
822,Gerardo Nasers,Washington
823,Earlean Clingan,Montana
824,Carlos Casillas,Indiana
825,Hollis Niedzwiecki,Vermont
826,Johnna Doseck,Oklahoma
827,Sharika Dutschmann,North Carolina
828,Tonette Semple,Kansas
829,Destiny Howerter,Iowa
830,Sondra Wildhaber,New Mexico
831,Edra Faro,Iowa
832,Mercedes Elsayed,Mississippi
833,Jeanene Millay,Texas
834,Bettie Scull,Montana
835,Sunshine Brabson,Indiana
836,Celestina Mennie,New Mexico
837,Jae Leason,Tennessee
838,Jarred Melena,Vermont
839,Hilario Heminover,Idaho
840,Marissa Lynady,Tennessee
841,Zenaida Postier,Wisconsin
842,Austin Alesci,Rhode Island
843,Leilani Said,Texas
844,Noble Gillitzer,Rhode Island
845,Alva Villatoro,Washington
846,Tiera Wyant,Wisconsin
847,Lesley Kounovsky,Oklahoma
848,Nicky Sandager,Illinois
849,Renda Gwaltney,Arizona
850,Brendan Strauf,South Dakota
851,Thelma Dobis,Michigan
852,Tamekia Guzzetta,South Carolina
853,Shanna Lebrane,South Carolina
854,Aimee Kohm,Alabama
855,Hope Heryford,Oregon
856,Marlin Cipriani,Texas
857,Iona Hitchen,Delaware
858,Galen Michioka,Indiana
859,Mirian Warnken,Montana
860,Shantell Kuruvilla,Georgia
861,Harold Senethavilouk,Virginia
862,Yahaira Varas,Alabama
863,Darnell Rittle,Washington
864,Regenia Rickett,New Jersey
865,Manda Sonstroem,Missouri
866,Rheba Alosta,Vermont
867,Leia Stonecypher,Minnesota
868,Gilberto Evangelo,West Virginia
869,Louisa Pou,Maryland
870,Rueben Martone,Wisconsin
871,Van Alesna,New Hampshire
872,Myron Haub,Georgia
873,Emilie Patellis,New York
874,Jasmin Penna,Rhode Island
875,Michel Grunewald,Maine
876,Lahoma Ebeling,Maryland
877,Loyce Reinbold,Pennsylvania
878,Patti Louwagie,Idaho
879,Shawanda Bayles,Arkansas
880,Mike Odoms,Iowa
881,Dan Sien,Oregon
882,Julius Schuerman,Tennessee
883,Misti Marcolina,Minnesota
884,Lauren Accetta,Kansas
885,Geoffrey Meese,Mississippi
886,Florine Wisk,North Carolina
887,Linnie Galluzzo,Pennsylvania
888,Danika Ahmed,Vermont
889,Ying Ferrante,Minnesota
890,Jude Boulet,Vermont
891,Marica Marinacci,Minnesota
892,Alana Brodzik,Wisconsin
893,Numbers Pasillas,Nebraska
894,Zulma Heern,Arizona
895,Paulita Stallones,Florida
896,Joella Fontanini,Maine
897,Angelika Guilboard,New Hampshire
898,Harrison Limon,Florida
899,Georgina Bergold,Illinois
900,Cheree Gellis,California
901,Juanita Brensinger,Ohio
902,Dena Jeancy,Oklahoma
903,Ena Parisio,Iowa
904,Ronnie Carlini,Arkansas
905,Juliane Rubano,Texas
906,Yolando Nowak,Alabama
907,Stephany Freel,Washington
908,Tabitha Kiever,Michigan
909,Rasheeda Fenderson,Pennsylvania
910,Kina Siver,Utah
911,Roselyn Hauger,Hawaii
912,Zita Hauk,Massachusetts
913,Leonard Abdulmuniem,Louisiana
914,Gene Jericho,Missouri
915,Clemencia Battenhouse,Florida
916,Bruce Gilcoine,Utah
917,Rea Donavan,Georgia
918,Sueann Boeger,Washington
919,Marybelle Leisner,Arizona
920,Ashlyn Seddon,Washington
921,Pat Bartholemew,Missouri
922,Florrie Beske,Hawaii
923,Virgil Ragins,Connecticut
924,Laurence Viorel,Ohio
925,Arvilla Brandenberger,Arizona
926,Eleonore Beers,Maine
927,Marcella Real,Colorado
928,Jonas Kratochvil,Texas
929,Zona Darmiento,Pennsylvania
930,Ora Mcredmond,Connecticut
931,Wilson Dennig,Wisconsin
932,Daisy Virrey,California
933,Manual Kardashian,Georgia
934,Lauren Holl,Nebraska
935,Tess Mcgloster,Illinois
936,Gerri Bumbalo,Delaware
937,Yolando Tymeson,Idaho
938,Nichole Oak,Nevada
939,Jannie Hollier,Michigan
940,Stella Kinghorn,Ohio
941,Tamisha Tolden,Idaho
942,Yajaira Kortge,Indiana
943,Emilia Cuellar,Idaho
944,Helena Paras,Missouri
945,Starr Breakey,Nebraska
946,Santos Hullihen,New Hampshire
947,Margene Gadzinski,Montana
948,Theo Noya,Nevada
949,Nery Lichtig,New Mexico
950,Micheline Berenger,South Dakota
951,Alta Boesiger,Alabama
952,Mathew Ellenberg,South Dakota
953,Sunny Okey,Maryland
954,Millard Mulry,Utah
955,Angelita Kubishta,Wisconsin
956,Nova Mcreath,Pennsylvania
957,Fallon Ziola,New Jersey
958,Jarred Beougher,North Dakota
959,Kristyn Faz,Pennsylvania
960,Luz Kirsch,Oregon
961,Natalie Decristoforo,New Mexico
962,Kimberli Ratcliff,Montana
963,Melda Deyarmin,Mississippi
964,Katrina Rouff,Oklahoma
965,Miyoko Rients,South Carolina
966,Fiona Heminger,Arizona
967,Nu Coro,Nebraska
968,Phuong Pacey,New Mexico
969,Lester Cabiya,Pennsylvania
970,Cathie Prvitt,Michigan
971,Valrie Heyser,Louisiana
972,Louis Shafe,Rhode Island
973,Arlette Beskom,West Virginia
974,Riva Zalk,Delaware
975,Chassidy Sucharzewski,Texas
976,Consuelo Croshaw,New Hampshire
977,Natacha Zaker,West Virginia
978,Keli Mcgeever,Nebraska
979,Fredia Montag,Texas
980,Therese Dorosan,Nevada
981,Denice Lenix,Michigan
982,Eugene Schendel,New Jersey
983,Ty Benya,Oregon
984,Alysa Tadman,Indiana
985,Doyle Dockendorf,Georgia
986,Rowena Mithell,Kentucky
987,Leslee Standridge,Nevada
988,Mitzie Gilbreath,Michigan
989,Madge Guye,Oklahoma
990,Chana Metsker,Arkansas
991,Tanisha Lebowitz,Kansas
992,Lita Magnetti,Arkansas
993,Shawn Siluis,Texas
994,Helen Joh,Colorado
995,Rosalia Thierauf,New York
996,Sam Shuman,Florida
997,Phillis Worthy,Pennsylvania
998,Karey Coonse,Wyoming
999,Pilar Pokoj,Minnesota
1000,Ernest Pfeifer,Washington
1001,Dominique Steik,Vermont
1002,Lavette Demler,North Carolina
1003,Bonita Mcgrew,Arizona
1004,Vernon Ohren,California
1005,Theda Schulthess,Tennessee
1006,Elenore Cadmus,Hawaii
1007,Hans Denning,Rhode Island
1008,Ardis Bartosiak,Minnesota
1009,Shanae Kitthikoune,Vermont
1010,Tameika Kastel,Washington
1011,Louanne Strausz,Connecticut
1012,Albert Stickney,Alabama
1013,Piper Depetris,Arkansas
1014,Ray Alberti,Colorado
1015,Bella Reksten,Michigan
1016,Bonny Neumiller,Idaho
1017,Margeret Maxam,South Carolina
1018,Ileana Hernan,Oregon
1019,Bambi Inagaki,Nebraska
1020,Erin Arunachalam,Tennessee
1021,Kayleigh Juedes,South Dakota
1022,Jeanmarie Savely,Rhode Island
1023,Michael Mooney,South Dakota
1024,Bernice Ruda,South Dakota
1025,Frida Troke,West Virginia
1026,Daysi Gesualdi,Tennessee
1027,Leisa Blanck,New Jersey
1028,Jacquiline Chheng,Arizona
1029,Duane Ratterree,Hawaii
1030,Sheri Rorie,Nevada
1031,Kenyatta Varnedore,Alabama
1032,Luigi Kreis,Missouri
1033,Shantae Durelli,New York
1034,Clelia Shivy,New Jersey
1035,Sherrill Bottin,Maryland
1036,Mayme Talamentez,Washington
1037,Charlotte Freuden,Maryland
1038,Izetta Mccoin,New Hampshire
1039,Tifany Alcocer,Washington
1040,Hyun Bellion,Kentucky
1041,Sheri Servey,Rhode Island
1042,Rafaela Kushlan,Maine
1043,Lindsey Sontag,Florida
1044,Pearline Das,Delaware
1045,Kenneth Kirkley,New Hampshire
1046,Marcella Reddin,South Dakota
1047,Maurine Feltner,Florida
1048,Troy Fron,Minnesota
1049,Eula Curley,Maryland
1050,Millie Rieu,Mississippi
1051,Merle Drummer,New Jersey
1052,Ralph Rippee,Nevada
1053,Donna Barcliff,Connecticut
1054,Bianca Headlee,Florida
1055,Hwa Lekas,Nebraska
1056,Maire Yiu,Connecticut
1057,Zandra Burbridge,South Carolina
1058,Demetrius Murrey,Florida
1059,Olga Ba,Kansas
1060,Teresita Gillham,Minnesota
1061,Malena Ngov,Idaho
1062,Hae Lipps,New York
1063,Tasia Knotowicz,Connecticut
1064,Augustina Qian,Maryland
1065,Cristopher Quall,Alaska
1066,Carson Curbelo,Mississippi
1067,Shayla Hilyar,New Mexico
1068,Kayleigh Eismann,Vermont
1069,Kam Wyrich,Tennessee
1070,Shyla Mccooey,Mississippi
1071,Cyndy Brinton,Arizona
1072,Colby Neff,Minnesota
1073,Stephania Antony,Alaska
1074,Alicia Reczek,Virginia
1075,Arlean Dibello,Louisiana
1076,Tyree Popovich,Utah
1077,Estela Schmaus,Louisiana
1078,Robin Roussin,Washington
1079,Glenn Forres,Florida
1080,Ernestine Sours,Louisiana
1081,Lulu Leszczynski,Alabama
1082,Tyesha Shutler,Pennsylvania
1083,Ben Langerman,Georgia
1084,Elfrieda Dicesare,Mississippi
1085,Tenesha Agre,Rhode Island
1086,Harrison Guasp,North Carolina
1087,Lissa Caputi,Iowa
1088,Hiram Stagger,Michigan
1089,Chelsie Rickmon,Kansas
1090,Marianela Kudrle,Florida
1091,Stefania Hollands,Montana
1092,Maryland Rufenacht,New Jersey
1093,Kaci Bottomly,Alaska
1094,Brad Laham,West Virginia
1095,Patrice Vantassell,Tennessee
1096,Lynnette Landrigan,North Carolina
1097,Wayne Hewlett,Virginia
1098,Mindy Emrick,Iowa
1099,Lavette Reppert,New Jersey
1100,Suzi Beierschmitt,Pennsylvania
1101,Nisha Magario,Delaware
1102,Imogene Cutright,Virginia
1103,Bernard Alan,Montana
1104,Sarai Engard,Washington
1105,Katheryn Bernoski,Colorado
1106,Olympia Tolson,Mississippi
1107,Damon Sowash,South Carolina
1108,George Verner,Nevada
1109,Branda Gayhart,New Mexico
1110,See Luneau,Florida
1111,September Cumba,Nebraska
1112,Adrianne Padden,South Dakota
1113,Chance Lucatero,North Dakota
1114,Reynalda Vanoni,Maryland
1115,Talitha Berenger,Massachusetts
1116,Milagro Weckenborg,Mississippi
1117,Krystin Mccollum,Iowa
1118,Catrina Pinkham,Colorado
1119,Timmy Lucey,Michigan
1120,Claretha Raco,Nebraska
1121,Krystle Kuenstler,New Mexico
1122,Adrian Krous,Delaware
1123,Elfrieda Krehel,Rhode Island
1124,Venus Mccallough,New Jersey
1125,Chae Leifer,Montana
1126,Patricia Metzger,Minnesota
1127,David Wenzel,West Virginia
1128,Sam Molinar,Alaska
1129,Isa Sickels,Wisconsin
1130,Ginger Mccourt,Maine
1131,Nickole Gaudier,Wyoming
1132,Hal Meggett,Wisconsin
1133,Shantelle Speroni,Kentucky
1134,Bell Kingdom,Nevada
1135,Theda Way,Nebraska
1136,Carmelita Saathoff,Minnesota
1137,Ezequiel Jiminian,Rhode Island
1138,Mee Schirrmacher,Maine
1139,Saundra Salsedo,Oregon
1140,Temple Glee,Mississippi
1141,Logan Neas,South Carolina
1142,Cary Sundt,Illinois
1143,Elfrieda Priolean,North Carolina
1144,Erin Gercak,Oklahoma
1145,Carroll Eledge,Texas
1146,Scott Wensman,Minnesota
1147,Thuy Albarazi,California
1148,Tobi Misty,West Virginia
1149,Yolanda Kimel,Florida
1150,Concetta Boylan,Illinois
1151,Scott Szafran,North Carolina
1152,Ester Fenstermaker,Arizona
1153,Antonietta Imparato,Nebraska
1154,Danyell Holling,Wisconsin
1155,Solomon Selic,Wisconsin
1156,Corrine Cardle,Wisconsin
1157,Arletta Nagtalon,Nebraska
1158,Monty Stuve,New Hampshire
1159,Asley Demelis,Florida
1160,Lin Rewakowski,Iowa
1161,Sindy Fehrle,Kansas
1162,Harold Tisue,Iowa
1163,Sylvia Shenker,Hawaii
1164,Elfreda Lanphere,Maine
1165,Lupita Balboni,Michigan
1166,Rodrigo Anderlik,South Dakota
1167,Carlee Mcclearen,California
1168,Tena Holbrooks,Alaska
1169,Veola Baba,Arizona
1170,Blake Laszlo,Tennessee
1171,Larry Carmicle,Texas
1172,Nelda Decaen,Washington
1173,Phebe Mccaa,Maryland
1174,Diedre Mcmartin,South Carolina
1175,Christy Martorana,Wyoming
1176,Burt Appert,South Dakota
1177,Thomasina Uhlich,North Dakota
1178,Kathie Temple,Rhode Island
1179,Rachell Climes,Washington
1180,Soledad Delossanto,Michigan
1181,Shawn Rollinson,Missouri
1182,Sarah Foute,Pennsylvania
1183,Vern Risbeck,Kansas
1184,Lorette Loehlein,Ohio
1185,Tory Parchman,Washington
1186,Sherley Yeaman,West Virginia
1187,Lelia Dille,Texas
1188,Dodie Awong,Connecticut
1189,Lynette Liuzzi,Louisiana
1190,Siu Urtiz,Oregon
1191,Lura Glaus,Nevada
1192,Scot Fontus,Florida
1193,Asa Poniatoski,Washington
1194,Damon Heeney,Wyoming
1195,Mazie Kazi,Rhode Island
1196,Dan Walking,Ohio
1197,Quincy Chandrasekhar,New Mexico
1198,Malcolm Alford,North Carolina
1199,Michal Corpus,Texas
1200,Anglea Bertorelli,Iowa
1201,Brittny Jukes,Tennessee
1202,Cami Isaacsen,Iowa
1203,Babette Donoho,New Mexico
1204,Orval Plantz,Illinois
1205,Kathlyn Charleston,West Virginia
1206,Gregg Backmon,South Carolina
1207,Phil Hausrath,Nebraska
1208,Sylvia Borah,Texas
1209,Bryanna Geney,New Jersey
1210,Margot Mirkovich,New Mexico
1211,Alison Clantz,Massachusetts
1212,Jenell Hargens,Missouri
1213,Mitchell Trader,New Mexico
1214,Taren Ruhnke,Arizona
1215,Maryann Stempert,Nebraska
1216,Claudine Stayrook,Wisconsin
1217,Cliff Hamelinck,Massachusetts
1218,Harvey Munder,North Carolina
1219,Chadwick Ovsanik,Tennessee
1220,Brook Niemeyer,Kentucky
1221,Elvera Brandes,Washington
1222,Elenore Rogerson,Colorado
1223,Anya Sagastume,Delaware
1224,Mitchell Stoesz,Virginia
1225,Minerva Santell,Massachusetts
1226,Leanora Staszak,Mississippi
1227,Rocky Saranzak,Rhode Island
1228,Chuck Widdowson,Wisconsin
1229,Jessica Imbach,North Carolina
1230,Joan Plecker,Pennsylvania
1231,Deloras Rochenstire,Montana
1232,Sylvie Roufs,South Dakota
1233,Natalia Santrizos,Washington
1234,Taren Palmertree,Minnesota
1235,Grayce Leachman,North Carolina
1236,Jeanelle Pizani,Montana
1237,Judi Old,South Carolina
1238,Migdalia Alberro,California
1239,Rosita Stamer,Idaho
1240,Earlean Cage,Tennessee
1241,Kyle Skog,Montana
1242,Ray Rhodarmer,Oregon
1243,Olinda Streicher,Wisconsin
1244,Veola Brazille,Virginia
1245,Karmen Starck,New Jersey
1246,Carlos Gonzelas,Montana
1247,Archie Papalia,Oklahoma
1248,Luann Spevak,New Mexico
1249,Carina Stenn,South Dakota
1250,Bea Muralles,Indiana
1251,Jean Ironhorse,Hawaii
1252,Luz Brabazon,North Dakota
1253,Alyson Filan,Oregon
1254,Rachal Romack,Nebraska
1255,Kathern Ziraldo,Wyoming
1256,Antonette Ciavardini,Nevada
1257,Chanelle Rattray,Rhode Island
1258,Jarrett Rehler,Louisiana
1259,Kay Thoeny,Kentucky
1260,Matthew Swenor,Kansas
1261,Keren Allie,Arkansas
1262,Eleanore Seeger,Connecticut
1263,Cecil Teehee,Kansas
1264,Mi Bangs,Nebraska
1265,Aura Wafford,Idaho
1266,Mitchel Rasch,Arizona
1267,Bruna Bonnel,Nevada
1268,Roseanna Vocu,Montana
1269,Lucas Flinders,Alaska
1270,Joan Dressler,Maine
1271,Malena Palleschi,Louisiana
1272,Ressie Averbeck,Mississippi
1273,Lenard Gillom,Nevada
1274,Shakia Barkdull,Nebraska
1275,Leonie Ownes,Iowa
1276,Demetrius Flegle,Minnesota
1277,Brittney Neiger,Nevada
1278,Bruno Munstermann,Iowa
1279,Carolann Stender,Kansas
1280,Catrina Bejarano,Michigan
1281,Haywood Streitnatter,Virginia
1282,Dorine Pinckney,Alaska
1283,Larry Fellon,Massachusetts
1284,Jacalyn Childs,South Dakota
1285,Many Ketelaar,Rhode Island
1286,Scotty Iseley,Illinois
1287,Herma Michaud,Tennessee
1288,Jadwiga Wieland,Kentucky
1289,Kerri Nary,California
1290,Alayna Builes,Michigan
1291,Sterling Maldenado,New York
1292,Junita Pinchock,South Dakota
1293,Aron Disbro,Arizona
1294,Bertha Humes,North Dakota
1295,Tona Valdes,Idaho
1296,Brain Ghramm,Washington
1297,Adah Guay,South Carolina
1298,Andy Ramirel,Mississippi
1299,Alfonzo Helfrey,Massachusetts
1300,Latonya Swackhammer,Oklahoma
1301,Keenan Joo,Pennsylvania
1302,Greta Buben,Rhode Island
1303,Tess Darnstaedt,Michigan
1304,Aimee Anttila,Georgia
1305,Genaro Earthman,New York
1306,Maira Mansi,Alaska
1307,Audrea Stiel,Texas
1308,Vernita Clausing,Pennsylvania
1309,Inell Rasche,West Virginia
1310,Mayme Awbrey,South Carolina
1311,Tara Ryu,Rhode Island
1312,Karlene Comee,Pennsylvania
1313,Rusty Curbeam,Tennessee
1314,Jeanett Rengifo,Michigan
1315,Stevie Gouge,Louisiana
1316,Marty Preuss,Maryland
1317,Sherrie Fabry,South Carolina
1318,Andre Dycus,Michigan
1319,Luann Drago,New Mexico
1320,Cristen Duvernois,Nebraska
1321,Yolanda Farrier,New Mexico
1322,Shyla Mowry,Montana
1323,Errol Stottlemyer,Arkansas
1324,Marvis Wolpert,Kansas
1325,Shiela Elger,West Virginia
1326,Cherelle Heckbert,Iowa
1327,Katheleen Uvalle,Florida
1328,Chris Stpierre,Missouri
1329,Aron Vautrin,North Dakota
1330,Gudrun Rund,Idaho
1331,Pennie Monat,Texas
1332,Odelia Lozaro,Kansas
1333,Maura Felger,Minnesota
1334,Tamie Iba,New York
1335,Cherry Dimitriadis,Arkansas
1336,Tracy Glinkerman,Massachusetts
1337,Catalina Macneill,Oklahoma
1338,India Bradrick,South Carolina
1339,Bridgett Hribal,Minnesota
1340,Krystle Mckoan,North Carolina
1341,Eugenie Loparco,Connecticut
1342,Mary Saluto,Oregon
1343,Annamarie Reels,Georgia
1344,Evelyne Minifield,Maine
1345,Christeen Rombach,Ohio
1346,Crystle Tools,New Hampshire
1347,Danita Hegwer,Kentucky
1348,Dana Botti,Utah
1349,Del Follick,Nebraska
1350,Sierra Spears,Alaska
1351,Fran Mosca,Virginia
1352,Oscar Top,Oregon
1353,Samual Vieweg,Delaware
1354,Claudine Meil,Delaware
1355,Erminia Knatt,Arkansas
1356,Gilma Simkins,Texas
1357,Georgiann Panda,South Dakota
1358,Ashley Vanorsouw,Colorado
1359,Lakiesha Bolian,Kansas
1360,Bobbie Boatman,Alabama
1361,Carolynn Veillette,Nevada
1362,Huong Muirhead,Pennsylvania
1363,Lovella Gembler,Alaska
1364,Sherlene Velky,Pennsylvania
1365,Reginald Laurence,New Hampshire
1366,Rosio Escobar,New Mexico
1367,Oretha Malec,Hawaii
1368,Abram Truan,Georgia
1369,Sharyn Piercefield,Iowa
1370,Saran Garrette,Alabama
1371,Cinda Hadvab,West Virginia
1372,France Zelkin,Iowa
1373,Donette Mitschke,Pennsylvania
1374,Winnifred Wagnon,New Jersey
1375,Yetta Strayham,Georgia
1376,Jeane Lagrotta,Hawaii
1377,Marty Remington,Kentucky
1378,Adriane Dobesh,Rhode Island
1379,Myriam Shybut,Montana
1380,Dorothy Iurato,Arkansas
1381,Hope Leonelli,Montana
1382,Leticia Promisco,Ohio
1383,Latricia Conigliaro,Maryland
1384,Ella Mchorse,South Carolina
1385,Vennie Cillo,Alaska
1386,Albertha Adickes,Florida
1387,Maya Ventresca,Connecticut
1388,Mirtha Muratalla,Oklahoma
1389,Christina Emmanuel,Alaska
1390,Randell Fromdahl,Michigan
1391,Lu Klehn,Virginia
1392,Reyna Frilling,California
1393,Sidney Curto,Oklahoma
1394,Emory Godyn,South Dakota
1395,Debbi Ostrowski,Delaware
1396,Liane Penttila,Kentucky
1397,Sherman Flister,Virginia
1398,Edward Huffman,Delaware
1399,Keitha Sora,Indiana
1400,Shayla Eredia,Nevada
1401,Shawnee Heick,Washington
1402,Virgen Semler,Missouri
1403,Kristel Torongeau,Michigan
1404,Magdalene Fiecke,New Hampshire
1405,Lamonica Chalaban,New Jersey
1406,Dotty Resides,New Jersey
1407,Deandre Conerly,Vermont
1408,Gwenn Cruzado,Rhode Island
1409,Nancy Nuessen,Arkansas
1410,Berniece Rieve,Indiana
1411,Maisie Longbrake,Montana
1412,Scarlet Lippert,Iowa
1413,Emma Kam,Iowa
1414,Monroe Kettmann,Wisconsin
1415,Julian Hogue,California
1416,Lida Shorten,North Dakota
1417,Alana Westerfield,Virginia
1418,Pedro Ruis,Wyoming
1419,Fredda Stillman,New Hampshire
1420,Gricelda Romansky,South Carolina
1421,Ferdinand Henniger,Wyoming
1422,Dinah Menapace,Georgia
1423,Major Fullam,Mississippi
1424,Madelaine Goudie,New Jersey
1425,Hana Pabich,Kentucky
1426,Lawana Mathewes,Washington
1427,Jenette Kruppa,North Dakota
1428,Cleo Mcfeeters,Nevada
1429,Tameika Nycum,Pennsylvania
1430,Huong Chime,Nevada
1431,Grady Zickefoose,Mississippi
1432,Vergie Machamer,Montana
1433,Zachariah Moochler,California
1434,Emma Hahm,Oklahoma
1435,Josephine Kauahi,Washington
1436,Anika Noorani,Kentucky
1437,Elza Geter,Nevada
1438,Natividad Filby,Minnesota
1439,Merrill Grannum,Texas
1440,Andrea Llanez,South Dakota
1441,Owen Decker,New York
1442,Monroe Claude,Texas
1443,Lonny Batimon,Oregon
1444,Shawnta Cuadra,New Jersey
1445,Andrea Azznara,Michigan
1446,Randee Halnon,Maine
1447,Queen Dzurilla,Arizona
1448,Sterling Odwyer,Maryland
1449,Alva Gone,Maine
1450,September Cockram,North Dakota
1451,Glory Cerbantes,Wyoming
1452,Halina Barberr,Maryland
1453,Breanna Poldrack,California
1454,Andra Senegal,New Hampshire
1455,Toni Wahlen,Mississippi
1456,Jessie Schor,Delaware
1457,Carolynn Uknown,Montana
1458,Elmer Beales,Kentucky
1459,Deb Ciers,Connecticut
1460,Yan Tenner,North Dakota
1461,Sanford Andronis,New Mexico
1462,Divina Maggiore,Kentucky
1463,Cyril Argenti,Maine
1464,Scotty Peugh,Vermont
1465,Loida Lothamer,New Hampshire
1466,Tianna Alai,Louisiana
1467,America Roll,New Jersey
1468,Davida Guerrera,Utah
1469,Fidel Botelho,North Carolina
1470,Claris Genis,Ohio
1471,Vickie Shim,Vermont
1472,Jarrod Scaringi,West Virginia
1473,Leisha Ruuska,New Mexico
1474,Martine Pifer,Oklahoma
1475,Zenobia Rosenfield,South Carolina
1476,Gema Zigmond,Massachusetts
1477,Patricia Sages,Tennessee
1478,Carlie Wicklin,Illinois
1479,Gretchen Dixons,Washington
1480,Margorie Losado,Louisiana
1481,Tierra Huyard,Connecticut
1482,Loida Feurtado,Indiana
1483,Casie Selvester,Georgia
1484,Milton Bejil,Wisconsin
1485,Leora Kress,Florida
1486,Leesa Amrine,Kentucky
1487,Dorian Bolan,North Carolina
1488,Travis Montcalm,New Hampshire
1489,Suzan Arsenault,Nebraska
1490,Kamala Reville,New Mexico
1491,Shaquana Ancy,Nebraska
1492,Velia Lashutva,Washington
1493,Tatiana Ringel,Colorado
1494,Gaston Hoitt,Missouri
1495,Trula Scarth,West Virginia
1496,Jerrie Sep,Colorado
1497,Arielle Braham,Indiana
1498,Michele Bartleson,Delaware
1499,Mei Neeson,Montana
1500,Cornell Gilliss,Arkansas
1501,Lilli Blankenship,New Jersey
1502,Tomi Poock,Vermont
1503,Sandi Mordue,Wyoming
1504,Wanetta Mckevitt,Nebraska
1505,Siobhan Maltais,Georgia
1506,Russel Oros,Texas
1507,Zonia Tompkin,Tennessee
1508,Josiah Foxwell,Arkansas
1509,Genevieve Cuomo,Tennessee
1510,Catherina Kanode,Wyoming
1511,Katharyn Delima,West Virginia
1512,Josiah Fleniken,South Dakota
1513,Gertrude Spendlove,Washington
1514,Norine Pastiva,Minnesota
1515,Elma Metherell,Maine
1516,Lizette Wiltberger,Utah
1517,Colette Covill,Kentucky
1518,Karisa Giambattista,Louisiana
1519,Eleonor Essman,New Hampshire
1520,Otha Bagent,Mississippi
1521,Kermit Hayne,Ohio
1522,Elene Gaby,South Carolina
1523,Elvia Weisdorfer,Ohio
1524,Joannie Bideaux,Mississippi
1525,Isaiah Viard,North Carolina
1526,Reta Blott,Hawaii
1527,Fredia Maupin,Indiana
1528,Dusty Symons,Delaware
1529,Ilana Pattillo,Wyoming
1530,Donald Stoel,Kentucky
1531,Christal Calhoon,Idaho
1532,Newton Czachor,Kentucky
1533,Willia Rounsaville,Nevada
1534,Reginald Kauffman,Vermont
1535,Hester Klingbeil,Virginia
1536,Marylouise Harkcom,Tennessee
1537,Elana Keplinger,Missouri
1538,Melody Momper,Pennsylvania
1539,Fernanda Ceroni,New York
1540,Neal Lazano,Arkansas
1541,Wilton Lawery,Alaska
1542,Rayna Yohn,Mississippi
1543,Myesha Kuperman,Georgia
1544,Vincenza Dobrushin,Florida
1545,Onie Timpe,Vermont
1546,Charlesetta Glazebrook,North Dakota
1547,Roderick Leighty,Maine
1548,Cathleen Moscoso,Louisiana
1549,Lady Yancik,Wyoming
1550,Herminia Burciaga,Tennessee
1551,Lissette Plecker,Maryland
1552,Marisol Stanclift,Maine
1553,Shalanda Calegari,New Jersey
1554,Patsy Lantis,South Carolina
1555,Santana Aurich,Mississippi
1556,Juliet Folson,Illinois
1557,Malena Zeier,Massachusetts
1558,Luana Platko,Florida
1559,Vincenzo Fosdick,South Carolina
1560,Brittny Kinneman,Hawaii
1561,Catalina Vanyo,South Carolina
1562,Maryrose Delio,Rhode Island
1563,Beatrice Bynum,Missouri
1564,Miquel Benintendi,Missouri
1565,Brinda Koerner,Oregon
1566,Christopher Kaler,Connecticut
1567,Debroah Rabelo,Nevada
1568,Yen Angelica,Montana
1569,Shanel Waisanen,Oregon
1570,Latesha Olivencia,Vermont
1571,Kenna Olivero,California
1572,Shirely Porchia,Maryland
1573,Milagro Iachetta,Indiana
1574,Harold Olivier,Washington
1575,Conception Feerick,New Hampshire
1576,Sherry Cragun,Colorado
1577,Ivelisse Weinfurter,Idaho
1578,Ara Bron,Indiana
1579,Rose Tickner,North Carolina
1580,Kam Flister,Michigan
1581,Evelina Bartkiewicz,Kansas
1582,Claretta Lamboy,Tennessee
1583,Leo Kriss,Kansas
1584,Faustina Ruhn,Kentucky
1585,Justine Kok,South Carolina
1586,Lilly Endecott,Colorado
1587,Hillary Bednarik,Nevada
1588,Kirby Kossakowski,New Hampshire
1589,Lien Desmore,Kansas
1590,Kizzy Mcnuh,New Jersey
1591,Temple Fleitman,North Carolina
1592,Jeneva Neilsen,Illinois
1593,Dana Kirkpatric,Georgia
1594,Emile Liewald,Washington
1595,Dia Tammen,Alaska
1596,Etsuko Entler,Illinois
1597,Rosamond Broome,Oregon
1598,Bree Cearley,Arkansas
1599,Annelle Andel,Oregon
1600,Manie Paloma,Nebraska
1601,Kittie Rubottom,Kansas
1602,Bernardina Mcelwain,Hawaii
1603,Georgeanna Keveth,New York
1604,Caren Severino,Utah
1605,Marivel Vanaken,Virginia
1606,Berta Postma,Indiana
1607,Malia Quent,Florida
1608,Mariela Cogley,Pennsylvania
1609,Dale Schoessow,Louisiana
1610,Dulcie Doughton,North Dakota
1611,Jerrie Parilla,Delaware
1612,Arie Tobiason,Arkansas
1613,Jeanice Babat,Kentucky
1614,Walter Cutrone,Idaho
1615,Catherina Rumbach,Hawaii
1616,Jan Winchell,Wyoming
1617,Merrill Mcclucas,Ohio
1618,Enola Ampy,Washington
1619,Robby Hidy,Idaho
1620,Sulema Maltz,Washington
1621,Birgit Kittelberger,New Mexico
1622,Francoise Osbourne,West Virginia
1623,Cinda Schimpf,Georgia
1624,Byron Pellam,Montana
1625,Farrah Kwaterski,Virginia
1626,Zula Quattrini,Maryland
1627,Marcel Almanza,Kansas
1628,Cecila Reagle,Kentucky
1629,Matthew Sanborn,Nevada
1630,Deandre Balderrama,Pennsylvania
1631,Jewell Waelti,Maine
1632,Cherelle Tangeman,Tennessee
1633,Emelina Beans,Iowa
1634,Gabriel Foxhoven,Massachusetts
1635,Leontine Barajos,Delaware
1636,Frances Devaney,Louisiana
1637,Adina Claytor,Louisiana
1638,Dede Meli,Louisiana
1639,Madalyn Pavelka,Colorado
1640,Kyra Sotolo,West Virginia
1641,Deena Voss,North Carolina
1642,Emmaline Baker,Idaho
1643,Tula Favia,Virginia
1644,Joel Piggie,Vermont
1645,Beulah Bruen,Nevada
1646,Sheilah Fransisco,Arizona
1647,Ernestine Standage,Louisiana
1648,Dot Grafton,Hawaii
1649,Aleida Iverson,New Mexico
1650,Kristen Kurter,Oregon
1651,Maryjo Bolds,Nevada
1652,Kimberlee Pfirsch,Oklahoma
1653,Lili Delacuesta,Georgia
1654,Adina Josias,California
1655,Ayako Jana,Alaska
1656,Valda Vandusen,Tennessee
1657,Raphael Arva,Wisconsin
1658,Felipa Rincones,Oregon
1659,Olga Beran,Michigan
1660,Merlyn Capistran,Pennsylvania
1661,Kenyetta Ebersole,Louisiana
1662,Micheal Brodt,North Carolina
1663,Gerald Spiroff,Nebraska
1664,Dominique Cargo,Indiana
1665,Jake Ostermeyer,Louisiana
1666,Sherri Purdy,Utah
1667,Magaly Linderholm,Idaho
1668,Milagro Swaim,South Carolina
1669,Jenine Reily,Washington
1670,Margret Ballin,Tennessee
1671,Vance Alarie,Massachusetts
1672,Jona Debartolo,Louisiana
1673,Lupe Franzeo,Washington
1674,Malvina Maune,Alabama
1675,Melani Gossin,New Jersey
1676,Elissa Ramiscal,Delaware
1677,Albert Oballe,Rhode Island
1678,Joycelyn Mehling,Texas
1679,Anissa Tierman,New York
1680,Terra Mondloch,Ohio
1681,Jennie Dooney,South Dakota
1682,Lily Staufenberger,Nebraska
1683,Latarsha Sarsfield,New York
1684,Gilbert Dobrich,Hawaii
1685,Shyla Estess,Montana
1686,Cherri Geesaman,Mississippi
1687,Foster Virgie,Alaska
1688,Jenae Lorkowski,Colorado
1689,Rosalind Kopas,Mississippi
1690,Chieko Sisson,New Jersey
1691,Karla Yamkosumpa,Georgia
1692,Elisha Masso,North Carolina
1693,Aurore Geasley,Ohio
1694,Kimberlee Boera,Oregon
1695,Sharan Eissinger,Georgia
1696,Kaley Dunzelman,Maine
1697,Jay Aridas,Delaware
1698,Charmain Buckwald,Rhode Island
1699,Kathie Sahler,Alaska
1700,Clement Woodman,Vermont
1701,Shanae Chauffe,Georgia
1702,Elizabet Crandle,Iowa
1703,Drema Argust,North Carolina
1704,Henrietta Steedley,Delaware
1705,Jacalyn Montour,Texas
1706,Chieko Tregan,Kansas
1707,Raymonde Six,Pennsylvania
1708,Lavonia Fernsler,Washington
1709,Rueben Dotto,Oklahoma
1710,Ara Medicine,South Dakota
1711,Concetta Mcewin,Tennessee
1712,Marin Kasdon,Oregon
1713,Ceola Baksi,Virginia
1714,Dirk Lezak,Connecticut
1715,Lisandra Zillmer,Nevada
1716,Noemi Brocato,Oregon
1717,Carrol Julian,Arkansas
1718,Carry Foisy,Pennsylvania
1719,Johnson Sopata,South Carolina
1720,Lyndia Mahlum,Pennsylvania
1721,Cornell Edwin,Georgia
1722,Mitchell Cromwell,Kansas
1723,Idell Ulysse,Tennessee
1724,Kesha Rydberg,Minnesota
1725,Napoleon Keedy,Washington
1726,Michelle Springs,Michigan
1727,Ginger Mchattie,Maine
1728,Naomi Veys,Wisconsin
1729,Katelynn Hodermarsky,Virginia
1730,Tammy Hardman,Kentucky
1731,Leanora Skrine,Connecticut
1732,Zola Mannan,Montana
1733,Rosena Relyea,Pennsylvania
1734,Devin Arcudi,New Hampshire
1735,Megan Eynon,California
1736,Tyisha Greenhoward,Idaho
1737,Richie Cicio,Idaho
1738,Jame Cobia,West Virginia
1739,Delphia Obar,Indiana
1740,Gaynell Korol,Vermont
1741,Marylou Stingle,Ohio
1742,Rosario Rosenbaum,Minnesota
1743,Eliseo Lamothe,Washington
1744,Haydee Strauhal,California
1745,Marcene Natiello,Alaska
1746,Juliette Searchfield,Massachusetts
1747,Rhoda Brattin,Utah
1748,Sharie Worek,New Hampshire
1749,Ricky Bourgoin,Hawaii
1750,Harlan Cooke,Ohio
1751,Tamra Lemcke,Oklahoma
1752,Chia Zierk,Missouri
1753,Lawana Beecham,Kentucky
1754,Phyliss Zurawski,Delaware
1755,Loni Mckissack,Maine
1756,Louie Lichlyter,Virginia
1757,Madeleine Hogrefe,Kansas
1758,Catrice Benion,Utah
1759,Suzi Betteridge,New York
1760,Kathryne Sikat,Mississippi
1761,Adan Gaydosh,South Carolina
1762,Sammie Hershenson,North Carolina
1763,Dona Menson,New York
1764,Denny Franssen,Missouri
1765,Simona Lisi,Pennsylvania
1766,Eddie Valverde,New Hampshire
1767,Ashleigh Borders,Hawaii
1768,Darell Mateen,Texas
1769,Jackie Safron,New Hampshire
1770,Susannah Grulke,Nebraska
1771,Yoshiko Schloss,Oregon
1772,Kristel Mattix,Vermont
1773,Ellan Keister,Maryland
1774,Sharron Vanvleck,Illinois
1775,Lorrine Burttram,Nevada
1776,Emma Paguin,Maine
1777,Janell Zanella,California
1778,Porter Shuart,North Carolina
1779,Eun Leedom,New Mexico
1780,Zelda Huelse,Hawaii
1781,Tanna Polito,Georgia
1782,Gwendolyn Tocchio,Idaho
1783,Ismael Morimoto,Vermont
1784,Nelle Vair,Missouri
1785,Dakota Shaffner,Connecticut
1786,Joaquina Stuever,Iowa
1787,Ariel Sturdnant,Utah
1788,Rich Whitchurch,Hawaii
1789,Tiffany Bosshardt,Georgia
1790,Maryjane Prado,Minnesota
1791,Francine Eilts,Missouri
1792,Vada Bednar,California
1793,Margaret Lassetter,Wyoming
1794,Many Shipps,South Dakota
1795,Evonne Franko,Alaska
1796,Natosha Braucks,Maryland
1797,Bell Chenard,New Mexico
1798,Kazuko Concannon,South Dakota
1799,Christian Rank,Vermont
1800,Riva Densley,Mississippi
1801,Victoria Mosely,Arizona
1802,Samella Rawding,Mississippi
1803,Suzanne Harborth,New Hampshire
1804,Jesus Hambelton,Rhode Island
1805,Margret Nuckoles,Louisiana
1806,Ann Deslandes,Washington
1807,Carla Robben,South Dakota
1808,Jennefer Discon,Arkansas
1809,Lottie Rayos,Massachusetts
1810,Crystal Ruoff,Mississippi
1811,Billie Hartory,Massachusetts
1812,Karon Leibe,Missouri
1813,Oren Kettinger,Washington
1814,Irina Kazanjian,Oklahoma
1815,Kami Paalan,Hawaii
1816,Alyse Fornea,New Mexico
1817,Kenny Slaby,Kansas
1818,Brittani Carranza,Connecticut
1819,Rena Kall,Maine
1820,Jenell Deangeles,Florida
1821,Odette Rufo,Wyoming
1822,Zelda Nasalroad,Kansas
1823,Julieta Drivers,Illinois
1824,Marivel Koci,Tennessee
1825,Eliseo Alson,Utah
1826,Shane Urbach,Kentucky
1827,Collene Useted,Oregon
1828,Ima Irie,New York
1829,Cameron Woelfl,Utah
1830,Krysta Varnum,Kentucky
1831,Latrina Leanza,Nevada
1832,Emily Wee,Nebraska
1833,Emily Addie,South Dakota
1834,Liza Fankhauser,West Virginia
1835,Petra Telchik,Ohio
1836,Louann Reust,Missouri
1837,Emmie Gafanha,Georgia
1838,Carli Boord,Ohio
1839,Holley Maycumber,Wyoming
1840,Velma Brierley,New Mexico
1841,Olive Klingbeil,Alabama
1842,Edris Novack,New Mexico
1843,Svetlana Cobden,Virginia
1844,Kassandra Bretz,Utah
1845,Madalyn Fitzhenry,Hawaii
1846,Lorette Elnicki,Florida
1847,Paulita Gartland,Kentucky
1848,Lucrecia Flakne,Arizona
1849,Dori Mazy,Minnesota
1850,Margery Yauger,Vermont
1851,Claudia Grossenbacher,New Hampshire
1852,Jose Beth,Nevada
1853,Robby Catoe,Arkansas
1854,Rena Kawczynski,Maryland
1855,Rebbecca Biebel,Maine
1856,Gilberte Babin,Vermont
1857,Gertrude Elgart,Indiana
1858,Vasiliki Firestone,Iowa
1859,Lawrence Mahula,New Jersey
1860,Jana Antony,Alaska
1861,Debora Taulman,Wisconsin
1862,Ken Farmsworth,Wisconsin
1863,Leisa Chagoya,New Jersey
1864,Sanjuanita Carlsen,Oregon
1865,Amie Casement,Kansas
1866,Robyn Isgrigg,Arkansas
1867,Yoko Wolman,Missouri
1868,Asa Reigner,Rhode Island
1869,Zulma Maccabe,New York
1870,Julienne Starlin,Arkansas
1871,Lora Carston,Oklahoma
1872,Tobie Camble,Nevada
1873,Teddy Deur,Idaho
1874,Lesley Kevan,Ohio
1875,Iona Garnand,Pennsylvania
1876,Sherrill Grabinski,Oregon
1877,Yu Coolidge,Pennsylvania
1878,Ignacia Hecht,Hawaii
1879,Roy Sween,Delaware
1880,Ronda Dolly,Arizona
1881,Yasuko Berliew,Pennsylvania
1882,Isiah Guan,Vermont
1883,Rosario Cluckey,Arizona
1884,Wynell Fauls,Idaho
1885,Nigel Rousch,Vermont
1886,Bernard Gaufusi,Maryland
1887,Elodia Yoshino,New Jersey
1888,Ruben Fason,Tennessee
1889,Raye Dilchand,Maine
1890,Leota Ertel,Tennessee
1891,Teofila Schmauder,Illinois
1892,Alica Villescas,Nebraska
1893,Jaclyn Hafemeister,North Dakota
1894,Tish Soldo,Maine
1895,Blythe Laub,Kansas
1896,Jacqualine Rosselle,Utah
1897,Giselle Sandberg,Arkansas
1898,Debby Scarpati,Michigan
1899,Augustina Ceccarelli,Pennsylvania
1900,Portia Babcock,North Carolina
1901,Danica Patka,Indiana
1902,Shantelle Bongiorno,Indiana
1903,Paul Scannapieco,Indiana
1904,Michele Mirabito,Minnesota
1905,Damon Nieder,New Hampshire
1906,Al Deacon,Maryland
1907,Salena Newball,North Carolina
1908,Tessie Hase,Alaska
1909,Hyon Coffey,Texas
1910,Glenda Liechty,Illinois
1911,Porfirio Palacios,Illinois
1912,Jennie Pavlik,New Jersey
1913,Bethel Treglia,Illinois
1914,Krystin Sakumoto,Hawaii
1915,Janey Friedrich,Ohio
1916,Vanessa Roxas,North Carolina
1917,Annie Spiering,Mississippi
1918,Adam Clarkin,South Dakota
1919,Rasheeda Zuanich,Mississippi
1920,Carisa Damrow,Tennessee
1921,Margarett Finan,Tennessee
1922,Georgeann Janowski,New York
1923,Jeremy Cubr,Tennessee
1924,Florentino Veth,California
1925,Audie Calderara,Tennessee
1926,Tiny Fausey,Maryland
1927,Zoraida Ruffin,New Jersey
1928,Billy Hannafin,Nevada
1929,Jeanmarie Cadden,Oklahoma
1930,Tonie Mascia,South Dakota
1931,Kelle Grange,Nebraska
1932,Rochelle Sabota,Georgia
1933,Kelly Cowens,Arkansas
1934,Krystina Bullins,Mississippi
1935,Larry Benno,Utah
1936,Pat Ayars,Vermont
1937,Jolanda Stoppenbach,Vermont
1938,Marissa Shamblin,Montana
1939,Arnold Ekins,Tennessee
1940,Broderick Zwahlen,Oregon
1941,Emmanuel Cothran,Michigan
1942,Kim Korona,Illinois
1943,Dara Sheedy,Rhode Island
1944,Jung Kostic,Indiana
1945,Carman Strimple,Virginia
1946,Louann Trimnell,Mississippi
1947,Vito Rierson,New Hampshire
1948,Chara Bouffard,Ohio
1949,Eric Swindler,Oklahoma
1950,Claud Poulter,Arizona
1951,Tereasa Barbiere,Nebraska
1952,Ellamae Maffitt,Arizona
1953,Kari Tobin,Idaho
1954,Brenda Hronek,Wisconsin
1955,Malcolm Toppi,Kansas
1956,Dion Swider,Georgia
1957,Tanika Mogg,Wisconsin
1958,Lorretta Busscher,Illinois
1959,Natasha Ciraco,North Carolina
1960,Landon Brazee,South Carolina
1961,Cecilia Thenhaus,New York
1962,Corrie Sunniga,New York
1963,Jovan Kalt,Alabama
1964,Jung Hoyman,Virginia
1965,Oralia Toolsiram,South Dakota
1966,Trula Milfeld,New Jersey
1967,Mika Malkani,Hawaii
1968,Shu Stroble,Montana
1969,Shameka Ramstad,Alaska
1970,Verline Antonakos,New York
1971,Galen Abedelah,West Virginia
1972,Jamison Spiliakos,Missouri
1973,Leola Augusta,Nebraska
1974,Elisa Adeyemo,Texas
1975,Suzy Stockon,North Carolina
1976,Sanjuana Spielberg,Wyoming
1977,Sanjuanita Ladwig,Illinois
1978,Sherell Maham,Arizona
1979,Aubrey Rettke,Colorado
1980,Temeka Viveiros,Arkansas
1981,Lauralee Strand,California
1982,Andrea Seifts,New York
1983,Salina Vicuna,South Dakota
1984,Debroah Ludke,Utah
1985,Marlin Failde,South Dakota
1986,Sherrie Balsam,Utah
1987,Bridget Ralbovsky,Louisiana
1988,Jennefer Cratch,Hawaii
1989,Jeremy Conaghan,Ohio
1990,Sana Dilger,Michigan
1991,Elaine Bizzaro,Iowa
1992,Aura Dukeshier,Vermont
1993,Janella Wiuff,Tennessee
1994,Rema Goering,Hawaii
1995,Tillie Zelechowski,Vermont
1996,Jeremy Srinivasan,Oklahoma
1997,Janee Laventure,Iowa
1998,Illa Limoli,Tennessee
1999,Mi Hertle,Utah
